mac_id,lig_id,lig,ulke,ev,dep,baslama_utc,ilk_gorulme_utc,acilis,kapanis,iyms_var,son_detay_utc
3166398,21641,"El Salvador Primera Division, Açılış",SV,Atletico Balboa,C.D. Cacahuatique,2026-09-29T21:00:00Z,2026-09-29T19:48:21Z,1,1,0,2026-09-29T19:48:21Z
3268619,245013,Asya Oyunları,INT,Güney Kore U23,Çin U23,2026-09-30T06:00:00Z,2026-09-30T05:32:45Z,1,1,0,2026-09-30T05:32:45Z
3260483,82040,FIFA ASEAN Kupası 2. Lig B Gr.,INT,Doğu Timor,Kamboçya,2026-09-30T09:00:00Z,2026-09-29T19:48:21Z,1,0,0,2026-09-29T23:27:24Z
3268226,245013,Asya Oyunları,INT,Özbekistan U23,Japonya U23,2026-09-30T10:30:00Z,2026-09-29T19:48:21Z,1,1,0,2026-09-30T09:26:22Z
3260082,82026,,,Brunei ,Hong Kong,2026-09-30T12:00:00Z,2026-09-30T05:22:21Z,1,0,0,2026-09-30T05:22:21Z
3234481,987,Çekya Kupası,CZ,FC Vsetin,Bohemians Prag,2026-09-30T13:30:00Z,2026-09-29T19:48:21Z,1,0,0,2026-09-30T09:26:22Z
3201896,1877,Norveç Kupası,NO,Follo,Sarpsborg 08,2026-09-30T14:00:00Z,2026-09-29T19:48:21Z,1,0,0,2026-09-30T09:26:22Z
3204034,5593,Nijerya Profesyonel Futbol Ligi,NG,Sporting Lagos FC,Ikorodu City,2026-09-30T15:00:00Z,2026-09-29T19:48:21Z,1,0,0,2026-09-30T09:26:22Z
3228216,35401,"İspanya Cup, Women",ES,Burgos CF (K),Cff Caceres (K),2026-09-30T15:00:00Z,2026-09-29T19:48:21Z,1,0,0,2026-09-30T09:26:22Z
3234452,5593,Nijerya Profesyonel Futbol Ligi,NG,Enyimba,Shooting Stars,2026-09-30T15:00:00Z,2026-09-29T19:48:21Z,1,0,0,2026-09-30T09:26:22Z
3257942,23287,Gana Premier Lig,GH,Medeama SC,Port City FC,2026-09-30T15:00:00Z,2026-09-29T19:48:21Z,1,0,0,2026-09-30T09:26:22Z
3228195,35401,"İspanya Cup, Women",ES,RC Celta de Vigo (K),Oviedo Moderno (K),2026-09-30T15:30:00Z,2026-09-29T19:48:21Z,1,0,0,2026-09-30T09:26:22Z
3168601,273100,U21 Avrupa Şampiyonası,INT,Polonya U21,İsveç U21,2026-09-30T16:00:00Z,2026-09-29T19:48:21Z,1,0,0,2026-09-30T09:26:22Z
3168650,273100,U21 Avrupa Şampiyonası,INT,Romanya U21,Finlandiya U21,2026-09-30T16:00:00Z,2026-09-29T19:48:21Z,1,0,0,2026-09-30T09:26:22Z
3168655,273100,U21 Avrupa Şampiyonası,INT,Faroe Adaları U21,Lüksemburg U21,2026-09-30T16:00:00Z,2026-09-29T19:48:21Z,1,0,0,2026-09-30T09:26:22Z
3168770,273100,U21 Avrupa Şampiyonası,INT,Çekya U21,Bulgaristan U21,2026-09-30T16:00:00Z,2026-09-29T19:48:21Z,1,0,0,2026-09-30T09:26:22Z
3168776,52676,"U21 EURO, Qualification, Group",INT,Malta U21,Almanya U21,2026-09-30T16:00:00Z,2026-09-29T19:48:21Z,1,0,0,2026-09-30T09:26:22Z
3201893,1877,Norveç Kupası,NO,Honefoss BK,Kfum Oslo,2026-09-30T16:00:00Z,2026-09-30T09:26:22Z,1,0,0,2026-09-30T09:26:22Z
3208081,1432,"Afrika Uluslar Kup.,Eleme,Gr.D",INT,Eritre,Güney Afrika,2026-09-30T16:00:00Z,2026-09-29T19:48:21Z,1,0,0,2026-09-30T09:26:22Z
3228203,35401,"İspanya Cup, Women",ES,S. Huelva (K),Cordoba CF (K),2026-09-30T16:00:00Z,2026-09-29T19:48:21Z,1,0,0,2026-09-30T09:26:22Z
3228206,35401,"İspanya Cup, Women",ES,Levante (K),Alhama CF Femenino (K),2026-09-30T16:00:00Z,2026-09-29T19:48:21Z,1,0,0,2026-09-30T09:26:22Z
3229816,1484,Uluslararası Hazırlık Maçları,INT,Litvanya,Andorra,2026-09-30T16:00:00Z,2026-09-29T19:48:21Z,1,0,0,2026-09-30T09:26:22Z
3208028,54684,UEFA Şamp. Ligi Kadınlar,INT,Paris FC (K),Arsenal (K),2026-09-30T16:45:00Z,2026-09-29T19:48:21Z,1,0,0,2026-09-30T09:26:22Z
3208038,54684,UEFA Şamp. Ligi Kadınlar,INT,AS Roma (K),Barcelona (K),2026-09-30T16:45:00Z,2026-09-29T19:48:21Z,1,0,0,2026-09-30T09:26:22Z
3208087,54684,UEFA Şamp. Ligi Kadınlar,INT,Hacken (K),Juventus (K),2026-09-30T16:45:00Z,2026-09-29T19:48:21Z,1,0,0,2026-09-30T09:26:22Z
3168625,78882,,,Umea Akademi,IFK Umea,2026-09-30T17:00:00Z,2026-09-30T09:26:22Z,1,0,0,2026-09-30T09:26:22Z
3168687,273100,U21 Avrupa Şampiyonası,INT,Kosova U21,Kıbrıs Rum Kesimi U21,2026-09-30T17:00:00Z,2026-09-29T19:48:21Z,1,0,0,2026-09-30T09:26:22Z
3168736,1466,"Gulf Kupası, B Grubu",INT,Bahreyn,Yemen,2026-09-30T17:30:00Z,2026-09-29T19:48:21Z,1,0,0,2026-09-30T09:26:22Z
3168793,1466,"Gulf Kupası, B Grubu",INT,Birleşik Arap Emirlikleri,Katar,2026-09-30T17:30:00Z,2026-09-29T19:48:21Z,1,0,0,2026-09-30T09:26:22Z
3228211,35401,"İspanya Cup, Women",ES,CE Europa (K),Villarreal (K),2026-09-30T17:30:00Z,2026-09-29T19:48:21Z,1,0,0,2026-09-30T09:26:22Z
3268723,1961,İspanya Federasyon Kupası,ES,Sestao River Club,Terrassa FC,2026-09-30T17:30:00Z,2026-09-29T19:48:21Z,1,0,0,2026-09-30T09:26:22Z
3168825,2935,İsviçre Yükselme 1.Ligi,CH,FC Kreuzlingen,SC Bruhl ST Gallen,2026-09-30T18:00:00Z,2026-09-29T19:48:21Z,1,0,0,2026-09-30T09:26:22Z
3268758,1961,İspanya Federasyon Kupası,ES,Navalcarnero,Murcia,2026-09-30T18:00:00Z,2026-09-29T19:48:21Z,1,0,0,2026-09-30T09:26:22Z
3272244,46244,"Arjantin Primera Division A, Women, Cla",AR,CA River Plate (K),Boca Juniors (K),2026-09-30T18:00:00Z,2026-09-29T19:48:21Z,1,0,0,2026-09-30T09:26:22Z
3168735,273100,U21 Avrupa Şampiyonası,INT,İskoçya U21,Azerbaycan U21,2026-09-30T18:30:00Z,2026-09-29T19:48:21Z,1,0,0,2026-09-30T09:26:22Z
3168626,2665,"İngiltere Amatör İngiltere Güney Ligi, Güney",ENG,Gosport,Bracknell Town FC,2026-09-30T18:45:00Z,2026-09-29T19:48:21Z,1,0,0,2026-09-30T09:26:22Z
3168649,401,İngiltere Ulusal Lig,GB,Eastleigh,Southend,2026-09-30T18:45:00Z,2026-09-30T05:32:45Z,1,0,1,2026-09-30T09:26:22Z
3168754,401,İngiltere Ulusal Lig,GB,Tamworth,Sutton United,2026-09-30T18:45:00Z,2026-09-30T05:32:45Z,1,0,1,2026-09-30T09:26:22Z
3168764,2665,"İngiltere Amatör İngiltere Güney Ligi, Güney",ENG,Frome,Taunton Town,2026-09-30T18:45:00Z,2026-09-29T19:48:21Z,1,0,0,2026-09-30T09:26:22Z
3250296,2666,İngiltere Amatör Isthmian Ligi,ENG,AFC Whyteleafe,Brentwood Town,2026-09-30T18:45:00Z,2026-09-29T19:48:21Z,1,0,0,2026-09-30T09:26:22Z
3168819,273100,U21 Avrupa Şampiyonası,INT,Portekiz U21,Cebelitarık U21,2026-09-30T19:00:00Z,2026-09-29T23:27:24Z,1,0,0,2026-09-30T09:26:22Z
3208082,54684,UEFA Şamp. Ligi Kadınlar,INT,O.Lyon (K),Chelsea FC (K),2026-09-30T19:00:00Z,2026-09-29T19:48:21Z,1,0,0,2026-09-30T09:26:22Z
3210658,54684,UEFA Şamp. Ligi Kadınlar,INT,SL Benfica (K),Bayern Münih (K),2026-09-30T19:00:00Z,2026-09-29T19:48:21Z,1,0,0,2026-09-30T09:26:22Z
3221757,80732,"Copa Uruguay, Group B",UY,Defensor Sporting,Plaza Colonia,2026-09-30T19:00:00Z,2026-09-29T19:48:21Z,1,0,0,2026-09-30T09:26:22Z
3221773,80732,"Copa Uruguay, Group B",UY,Cerro Largo FC,Club Atletico Rentistas,2026-09-30T19:00:00Z,2026-09-29T19:48:21Z,1,0,0,2026-09-30T09:26:22Z
3228209,35401,"İspanya Cup, Women",ES,CD Samper (K),CD Getafe (K),2026-09-30T19:00:00Z,2026-09-29T19:48:21Z,1,0,0,2026-09-30T09:26:22Z
3198100,1882,"Peru Primera Ligi, Kapanış",PE,CS Cienciano,CD Los Chankas,2026-09-30T20:00:00Z,2026-09-30T05:32:45Z,1,0,0,2026-09-30T09:26:22Z
3225563,1880,Paraguay Kupası,PY,Independient,Nacional Asuncion,2026-09-30T20:00:00Z,2026-09-29T19:48:21Z,1,0,0,2026-09-30T09:26:22Z
3166542,21641,"El Salvador Primera Division, Açılış",SV,CD Aguila,Fundacion Formado Un Atleta,2026-09-30T21:30:00Z,2026-09-29T19:48:21Z,1,0,0,2026-09-30T09:26:22Z
3225560,1880,Paraguay Kupası,PY,Cerro Porteno,Rubio NU,2026-09-30T22:30:00Z,2026-09-29T19:48:21Z,1,0,0,2026-09-30T09:26:22Z
3168701,22348,Kanada Premier Lig,CA,Atletico Ottawa,Cavalry FC,2026-09-30T23:00:00Z,2026-09-29T19:48:21Z,1,0,0,2026-09-30T09:26:22Z
3168708,16338,ABD USL 1.Lig,US,Chattanooga Red Wolves SC,Spokane Velocity FC,2026-09-30T23:00:00Z,2026-09-29T19:48:21Z,1,0,0,2026-09-30T09:26:22Z
3168716,970,ABD Championship,US,Brooklyn FC,Detroit City,2026-09-30T23:00:00Z,2026-09-29T19:48:21Z,1,0,0,2026-09-30T09:26:22Z
3168808,970,ABD Championship,US,Miami,Sporting Jax,2026-09-30T23:00:00Z,2026-09-29T19:48:21Z,1,0,0,2026-09-30T09:26:22Z
3247637,2008,"Uruguay Primera Ligi, Kapanış",UY,Torque,Penarol Uru,2026-09-30T23:00:00Z,2026-09-30T05:32:45Z,1,0,0,2026-09-30T09:26:22Z
3273427,48386,Şili Kupası,CL,Deportes Concepcion,O'Higgins,2026-09-30T23:00:00Z,2026-09-29T19:48:21Z,1,0,0,2026-09-30T09:26:22Z
3168618,970,ABD Championship,US,Rhode Island FC,Indy Eleven,2026-09-30T23:30:00Z,2026-09-29T19:48:21Z,1,0,0,2026-09-30T09:26:22Z
3261456,958,,,DC United,Paderborn,2026-09-30T23:30:00Z,2026-09-30T09:26:22Z,1,0,0,2026-09-30T09:26:22Z
3267539,15,ABD Major Lig,US,New York Red Bulls,Saint Louis City SC,2026-09-30T23:30:00Z,2026-09-30T05:32:45Z,1,0,1,2026-09-30T09:26:22Z
