mac_id,iy_ev,iy_dep,ms_ev,ms_dep,durum,kaynak,guncelleme_utc
3166398,0,1,0,2,tamam,mackolik,2026-09-29T23:27:55Z
3166542,0,0,2,1,tamam,mackolik,2026-09-30T23:56:46Z
3168601,1,0,3,0,tamam,mackolik,2026-09-30T18:22:56Z
3168618,1,0,1,0,tamam,mackolik,2026-10-01T01:48:34Z
3168625,3,0,6,0,tamam,mackolik,2026-09-30T19:12:47Z
3168626,0,0,1,1,tamam,mackolik,2026-09-30T21:08:24Z
3168649,0,1,1,1,tamam,mackolik,2026-09-30T21:08:24Z
3168650,0,1,0,2,tamam,mackolik,2026-09-30T18:22:56Z
3168655,0,0,0,1,tamam,mackolik,2026-09-30T18:22:56Z
3168687,0,0,2,1,tamam,mackolik,2026-09-30T19:12:47Z
3168701,0,1,3,2,tamam,mackolik,2026-10-01T01:48:34Z
3168708,0,0,0,1,tamam,mackolik,2026-10-01T01:48:34Z
3168716,,,,,belirsiz,sonuc-bulunamadi,2026-10-10T18:41:04Z
3168735,3,1,5,2,tamam,mackolik,2026-09-30T21:08:24Z
3168736,1,4,2,5,tamam,mackolik,2026-09-30T20:11:43Z
3168754,0,0,2,0,tamam,mackolik,2026-09-30T21:08:24Z
3168764,2,1,2,2,tamam,mackolik,2026-09-30T21:08:24Z
3168770,0,0,1,0,tamam,mackolik,2026-09-30T18:22:56Z
3168776,1,2,1,4,tamam,mackolik,2026-09-30T18:22:56Z
3168793,1,1,1,1,tamam,mackolik,2026-09-30T20:11:43Z
3168808,2,1,4,1,tamam,mackolik,2026-10-01T01:48:34Z
3168819,2,0,4,0,tamam,mackolik,2026-09-30T21:08:24Z
3168825,1,0,3,0,tamam,mackolik,2026-09-30T20:11:43Z
3198100,0,0,1,1,tamam,mackolik,2026-09-30T22:04:17Z
3201893,0,1,0,2,tamam,mackolik,2026-09-30T18:22:56Z
3201896,0,1,0,2,tamam,mackolik,2026-09-30T18:22:56Z
3204034,0,0,0,0,tamam,mackolik,2026-09-30T18:22:56Z
3208028,0,1,2,2,tamam,mackolik,2026-09-30T19:12:47Z
3208038,0,2,0,6,tamam,mackolik,2026-09-30T19:12:47Z
3208081,0,2,0,5,tamam,mackolik,2026-09-30T18:22:56Z
3208082,0,0,0,0,tamam,mackolik,2026-09-30T21:08:24Z
3208087,0,0,0,3,tamam,mackolik,2026-09-30T19:12:47Z
3210658,0,0,0,3,tamam,mackolik,2026-09-30T21:08:24Z
3221757,0,1,0,1,tamam,mackolik,2026-09-30T21:08:24Z
3221773,0,0,1,0,tamam,mackolik,2026-09-30T21:08:24Z
3225560,1,0,2,1,tamam,mackolik,2026-10-01T00:52:33Z
3225563,1,1,2,2,tamam,mackolik-Pen,2026-09-30T22:04:17Z
3228195,1,0,3,1,tamam,mackolik,2026-09-30T18:22:56Z
3228203,2,0,7,1,tamam,mackolik,2026-09-30T18:22:56Z
3228206,1,0,3,1,tamam,mackolik,2026-09-30T19:12:47Z
3228209,0,0,1,0,tamam,mackolik,2026-09-30T21:08:24Z
3228211,2,0,4,0,tamam,mackolik,2026-09-30T20:11:43Z
3228216,0,1,0,4,tamam,mackolik,2026-09-30T18:22:56Z
3229816,2,0,3,0,tamam,mackolik,2026-09-30T18:22:56Z
3234452,3,0,4,2,tamam,mackolik,2026-09-30T18:22:56Z
3234481,0,2,0,5,tamam,mackolik,2026-09-30T18:22:56Z
3234488,0,0,1,1,tamam,mackolik,2026-09-30T18:22:56Z
3247637,1,1,1,1,tamam,mackolik,2026-10-01T01:48:34Z
3250296,1,1,1,2,tamam,mackolik,2026-09-30T21:08:24Z
3257942,1,0,1,0,tamam,mackolik,2026-09-30T18:22:56Z
3260082,0,0,0,2,tamam,mackolik,2026-09-30T18:22:56Z
3260483,1,2,2,2,tamam,mackolik,2026-09-30T12:34:22Z
3261456,0,0,0,1,tamam,mackolik,2026-10-01T03:41:01Z
3267539,0,1,0,3,tamam,mackolik,2026-10-01T01:48:34Z
3268226,1,0,1,1,tamam,mackolik-Pen,2026-09-30T18:22:56Z
3268619,1,1,2,1,tamam,mackolik,2026-09-30T09:27:37Z
3268723,1,1,4,1,tamam,mackolik,2026-09-30T20:11:43Z
3268758,0,0,3,1,tamam,mackolik,2026-09-30T20:11:43Z
3272244,,,,,belirsiz,sonuc-bulunamadi,2026-10-10T17:40:31Z
3273427,,,,,belirsiz,sonuc-bulunamadi,2026-10-10T18:41:04Z
