zaman_utc,mac_id,lig,mk_lig,ev,dep,baslama_utc,market,secim,oran,olasilik,beklenen,mbs
2026-09-30T19:12:53Z,3198100,"Peru Primera Ligi, Kapanış",Peru|PER,CS Cienciano,CD Los Chankas,2026-09-30T20:00:00Z,,,,,,
2026-09-30T19:12:53Z,3225563,Paraguay Kupası,Paraguay|PARK,Independient,Nacional Asuncion,2026-09-30T20:00:00Z,,,,,,
2026-09-30T19:12:53Z,3166542,"El Salvador Primera Division, Açılış",El Salvador|ELSAL,CD Aguila,Fundacion Formado Un Atleta,2026-09-30T21:30:00Z,,,,,,
2026-09-30T19:12:53Z,3225560,Paraguay Kupası,Paraguay|PARK,Cerro Porteno,Rubio NU,2026-09-30T22:30:00Z,,,,,,
2026-09-30T19:12:53Z,3168701,Kanada Premier Lig,Kanada|KAPL,Atletico Ottawa,Cavalry FC,2026-09-30T23:00:00Z,,,,,,
2026-09-30T19:12:53Z,3168708,ABD USL 1.Lig,ABD|USL1,Chattanooga Red Wolves SC,Spokane Velocity FC,2026-09-30T23:00:00Z,,,,,,
2026-09-30T19:12:53Z,3168716,ABD Championship,ABD|USLP,Brooklyn FC,Detroit City,2026-09-30T23:00:00Z,,,,,,
2026-09-30T19:12:53Z,3168808,ABD Championship,ABD|USLP,Miami,Sporting Jax,2026-09-30T23:00:00Z,,,,,,
2026-09-30T19:12:53Z,3247637,"Uruguay Primera Ligi, Kapanış",Uruguay|URU,Torque,Penarol Uru,2026-09-30T23:00:00Z,,,,,,
2026-09-30T19:12:53Z,3273427,Şili Kupası,Şili|ŞİLİK,Deportes Concepcion,O'Higgins,2026-09-30T23:00:00Z,,,,,,
