lig_id,ulke,ad,kisa_ad
12,GB,İngiltere 2. Lig,2. Lig
15,US,ABD Major Lig,ABD Major
21,BR,Brezilya Seri B,Seri B
24,GB,İngiltere 1. Lig,1. Lig
43,GB,İngiltere Premier Lig,PremierLig
45,DE,Almanya Bundesliga,Bundesliga
49,CL,Şili Premier Lig,Premier Li
51,SE,İsveç Allsvenskan,Allsvenska
52,GB,İngiltere Championship,Championsh
62,RU,Rusya Premier Lig,Premier Li
126,INT,UEFA Şampiyonlar Ligi,UEFA ŞampL
129,ES,İspanya La Liga,La Liga
132,DE,Almanya 2. Bundesliga,2. Bundesl
140,GB,İngiltere Amatör Konferans Ligi Güney,Konferans
143,IT,İtalya Serie A,Serie A
161,DE,Almanya 3. Lig,3. Lig
202,PL,Polonya Ekstraklasa,Ekstraklas
205,IE,İrlanda Premier Lig,Premier Li
322,NL,Hollanda Eredivisie,Eredivisie
348,BR,Brezilya Serie A,Serie A
350,IE,İrlanda 1. Lig,1. Lig
352,RO,"Romanya 1.Lig, Şampiyonluk Tur",1. Lig
381,FR,Fransa Ligue 1,Lig 1
401,GB,İngiltere Ulusal Lig,Ulusal Lig
402,SA,Suudi Arabistan Suudi Profesyonel Ligi,Pro Lig
566,PT,Portekiz Premier Lig,Premier Li
571,NO,Norveç 1. Lig,1. Lig
576,HU,Macaristan NB I,NB I
584,TR,Türkiye Süper Lig,Süper Lig
588,INT,UEFA Avrupa Ligi Elemeleri,UEFA Avrup
614,FR,Fransa Ligue 2,Lig 2
642,JP,Japonya J.Lig,J.Lig
681,NL,Hollanda 1. Lig,1. Lig
958,INT,Kulüplerarası Hazırlık Maçları,Hazırlık
970,US,ABD Championship,ABD Champi
987,CZ,Çekya Kupası,Çek Kupa
997,PL,Polonya 1. Lig,1. Lig
1147,GB,Galler Premier Lig,Premier Li
1199,DZ,Cezayir 1. Lig,1. Lig
1207,AR,Arjantin Kupası,Kupa
1208,AU,Avustralya A-Ligi Playofflar,A-Ligi
1209,AT,"Avusturya Bundesliga, Şampiyonluk Turu",Bundesliga
1220,BE,"Belçika Pro Lig, Şampiyona Turu",Pro Lig
1246,CO,"Kolombiya Primera A, Kapanış",Primera A
1258,CZ,"Çekya 1. Lig, Şampiyonluk Turu",1. Lig
1262,DK,"Danimarka Süper Lig, Şampiyonluk Turu",Süper Lig
1310,FR,Fransa Ulusal Lig,Ulusal Lig
1407,INT,UEFA Uluslar Ligi,UEFA Ulusl
1431,INT,"Afrika Uluslar Kup.,Eleme,Gr.C",AfrUlus El
1432,INT,"Afrika Uluslar Kup.,Eleme,Gr.D",AfrUlus El
1434,INT,"Afrika Uluslar Kup.,Eleme,Gr.F",AfrUlus El
1435,INT,"Afrika Uluslar Kup.,Eleme,Gr.G",AfrUlus El
1439,INT,"Afrika Uluslar Kup.,Eleme,Gr.K",AfrUlus El
1466,INT,"Gulf Kupası, B Grubu",Körfez Kup
1484,INT,Uluslararası Hazırlık Maçları,Hazırlık
1758,INT,U20 Hazırlık Maçları,U20 Hazırl
1759,INT,U19 Hazırlık Maçları,U19 Hazırl
1774,IT,İtalya Serie B,Serie B
1858,MA,Fas Botola,Botola
1873,NO,"Norveç Eliteserien, Düşme/Yükselme",Eliteserie
1877,NO,Norveç Kupası,Kupa
1880,PY,Paraguay Kupası,Kupa
1882,PE,"Peru Primera Ligi, Kapanış",Primera Li
1926,GB,"İskoçya Championship, Düşme/Yükselme P",Championsh
1937,GB,İskoçya Challenge Kupası,Challenge
1940,SK,"Slovakya Superliga, Şampiyonluk Turu",Superliga
1951,ES,İspanya La Liga 2,La Liga 2
1961,ES,İspanya Federasyon Kupası,Federasyon
1980,TR,Türkiye 1. Lig,1. Lig
1995,UA,Ukrayna Premier Lig,Premier Li
2004,AE,Birleşik Arap Emirlikleri Pro Lig Kupası,ProLig Kup
2008,UY,"Uruguay Primera Ligi, Kapanış",Primera
2646,ENG,İngiltere Amatör İngiltere Kuzey Ligi,Kuzey Ligi
2665,ENG,"İngiltere Amatör İngiltere Güney Ligi, Güney",Güney Ligi
2666,ENG,İngiltere Amatör Isthmian Ligi,Isthmian L
2667,ENG,"İngiltere Amatör İngiltere Güney Ligi, Merkez",Güney Ligi
2671,NO,"Norveç 3. Lig, 1. Grup",3. Lig
2902,INT,"CONCACAF Uluslar A Ligi, Grp A",CONC. Ulus
2935,CH,İsviçre Yükselme 1.Ligi,Yükselme 1
3001,FI,"Finlandiya Veikkausliiga, Şampiyonluk Gr",Veikkausli
3523,INT,"CONCACAF Uluslar C Ligi, Grp A",CONC. Ulus
3526,INT,"CONCACAF Uluslar B Ligi, Grp D",CONC. Ulus
3528,INT,"CONCACAF Uluslar B Ligi, Grp A",CONC. Ulus
3530,INT,"CONCACAF Uluslar C Ligi, Grp B",CONC. Ulus
5441,GR,"Yunanistan Süper Lig, Şampiyonluk Grubu","SüperLig,Ş"
5593,NG,Nijerya Profesyonel Futbol Ligi,PremierLig
16338,US,ABD USL 1.Lig,USL 1.Lig
19843,SCO,"İskoçya Premiership, Şampiyona Turu",Premiershi
20147,SCO,İskoçya 2. Lig Şampiyonluk Turu,2. Lig Şam
20182,SCO,"İskoçya 1. Lig, Şampiyonluk Turu","1. Lig, Şa"
21641,SV,"El Salvador Primera Division, Açılış",Primera Aç
21721,CO,"Kolombiya Primera B, Kapanış",Primera B
22348,CA,Kanada Premier Lig,PremierLig
23287,GH,Gana Premier Lig,Gana Prem
23986,INT,UEFA Avrupa Konferans Ligi,UEFA Konfe
26367,INT,"CONCACAF Uluslar C Ligi,Grup C",CONC. Ulus
33492,NRE,Kuzey İrlanda NIFL Development League,Geliştirme
35401,ES,"İspanya Cup, Women",İspanya Ku
37159,EG,Mısır 2nd Division,2. Lig
39439,JO,Ürdün 1. Ligi,1. Lig
45241,CH,"İsviçre Süper Lig, Şampiyonluk Turu",Süper Lig
46194,INT,UEFA Şampiyonlar Ligi,UEFA Şamp
46195,INT,UEFA Avrupa Ligi,UEFA Avrup
46244,AR,"Arjantin Primera Division A, Women, Cla",Primera Kd
48386,CL,Şili Kupası,Kupa
49038,AR,"Arjantin Primera LPF, Kapanış",Primera LP
51879,ENG,England İngiltere Konferans Ligi Kuzey,Konferans
52050,EC,"Ekvador Serie B, Relegation Round",Serie B
52318,QA,Katar QSL Cup,QSL Kupası
52579,INT,"U21 EURO, Qualification, Group",U21 Avr
52676,INT,"U21 EURO, Qualification, Group",U21 Avr
52712,INT,Premier League International C,PL Uluslar
52778,INT,"UEFA Europa Cup, Women",UEFA Avr.K
54573,CL,Chile Şili Kupası,Şili Kupas
54684,INT,UEFA Şamp. Ligi Kadınlar,UEFA ŞL Ka
54774,ENG,"England İngiltere Lig Kupası, Kadınlar",Lig Kupası
56014,CZ,Czech Republic Cup,Çek Kupa
76371,PE,Peru League Cup,Lig Kupası
76636,PE,"Peru Copa de la Liga, Knockout Stag",Copa de la
77379,CO,"Kolombiya Liga DIMAYOR, Finalizacion",Primera A
78382,PT,Portekiz U23 Liga Next Gen,U23NextGen
80674,TR,Türkiye Süper Lig Galatasaray Özel,SL GS
80675,TR,Türkiye Süper Lig Fenerbahçe Özel,SL FB
80676,TR,Türkiye Süper Lig Beşiktaş Özel,SL BJK
80677,TR,Türkiye Süper Lig Trabzonspor Özel,SL TS
80732,UY,"Copa Uruguay, Group B",Uruguay Ku
81453,INT,Şampiyonlar Ligi FB ve GS Özel,ŞL FBveGS
82040,INT,FIFA ASEAN Kupası 2. Lig B Gr.,FIFA ASEAN
82041,INT,FIFA ASEAN Kupası 1. Lig A Gr.,FIFA ASEAN
82285,INT,"U23 Africa Cup of Nations, Qua",U23 Afrika
82304,INT,Kirin Cup,Kirin Cup
245006,INT,Libertadores Kupası,
245013,INT,Asya Oyunları,
273100,INT,U21 Avrupa Şampiyonası,
