ev_olasiligi,ornek,1/1,1/0,1/2,0/1,0/0,0/2,2/1,2/0,2/2,1,0,2
%0–5,50,0.02,0.02,0.0,0.0,0.06,0.22,0.0,0.0,0.68,0.02,0.08,0.9
%5–10,1035,0.0338,0.0116,0.0406,0.0242,0.0763,0.2145,0.0077,0.0367,0.5546,0.0657,0.1246,0.8097
%10–15,2069,0.0648,0.0382,0.0391,0.0449,0.1087,0.2078,0.0082,0.0425,0.4456,0.1179,0.1895,0.6926
%15–20,3231,0.087,0.0498,0.0328,0.0662,0.1349,0.1978,0.0161,0.0467,0.3686,0.1693,0.2315,0.5992
%20–25,4780,0.118,0.0515,0.0308,0.0866,0.1517,0.1755,0.0153,0.0556,0.3151,0.2199,0.2588,0.5213
%25–30,7994,0.142,0.0502,0.0323,0.0998,0.1662,0.1632,0.0213,0.0525,0.2725,0.2631,0.269,0.468
%30–35,12135,0.1764,0.057,0.0294,0.1272,0.1792,0.1348,0.0237,0.0588,0.2133,0.3274,0.295,0.3776
%35–40,15607,0.2055,0.058,0.0231,0.1355,0.1851,0.1232,0.0252,0.0586,0.1858,0.3662,0.3017,0.3321
%40–45,16654,0.2496,0.0593,0.0198,0.1573,0.1794,0.1069,0.0242,0.0556,0.148,0.4311,0.2943,0.2746
%45–50,13901,0.2812,0.0587,0.0196,0.167,0.1767,0.0909,0.0279,0.0534,0.1246,0.4762,0.2888,0.235
%50–55,10268,0.3193,0.0543,0.0168,0.1855,0.1621,0.0772,0.031,0.0476,0.1061,0.5358,0.264,0.2001
%55–60,7360,0.366,0.0511,0.0135,0.1938,0.1418,0.0648,0.0344,0.0444,0.0902,0.5942,0.2374,0.1685
%60–65,4781,0.4016,0.0508,0.0132,0.1985,0.1261,0.0571,0.0364,0.0395,0.0768,0.6365,0.2165,0.147
%65–70,3398,0.4747,0.04,0.0088,0.2148,0.1001,0.0409,0.0315,0.0356,0.0536,0.721,0.1757,0.1033
%70–75,2262,0.5062,0.0389,0.0049,0.2171,0.0791,0.0327,0.0385,0.0363,0.0464,0.7617,0.1543,0.084
%75–80,1830,0.5689,0.0344,0.0049,0.2219,0.0672,0.0197,0.0344,0.0262,0.0224,0.8251,0.1279,0.047
%80–85,1172,0.6101,0.0247,0.0043,0.2235,0.0512,0.0196,0.0247,0.0265,0.0154,0.8584,0.1024,0.0392
%85–90,504,0.6905,0.0198,0.002,0.1766,0.0476,0.0099,0.0337,0.0099,0.0099,0.9008,0.0774,0.0218
%90–95,59,0.7966,0.0169,0.0,0.1525,0.0,0.0,0.0339,0.0,0.0,0.9831,0.0169,0.0
